{
  "uncertainties": [
    0.0,
    0.0,
    0.0,
    0.0,
    0.0,
    0.0,
    0.0,
    0.0,
    0.0,
    0.0,
    0.0,
    0.0,
    0.0,
    0.0,
    0.0
  ],
  "beta_": 0.06000357575473295,
  "psi": 0.02362331083818042,
  "lambda0": 0.07765295227576163,
  "rho_0": 0.0,
  "theta_": 0.009927451428382047,
  "phi_": 0.041375159114739525,
  "theta_1": 0.09772904281179641,
  "phi_1": 0.10309630604518212,
  "theta_2": 0.038979671902782155,
  "phi_2": 0.10508056115140564,
  "M": 24.480093002319336,
  "GM": 0.00012060607419452667,
  "tau_c": 3.536265918816542e17,
  "n_steps": 631152,
  "delta": -0.02926782017204177,
  "t_0": 7505.442497728964,
  "R": 2310079.0,
  "r": 72900549050400.0,
  "chi_10_x": null,
  "chi_10_y": null,
  "chi_10_z": null,
  "chi_20_x": null,
  "chi_20_y": null,
  "chi_20_z": null,
  "pn_order": 0,
  "detectors": 1,
  "delta_t": 50.0,
  "duration": 1.0,
  "chi1": 0.3918117172184652,
  "chi2": 0.7531159417158373
}