Time,HP,HX,Torb,NSteps
0.0000000015611770223337643,0,0,51.87697065542676,631152
