{
  "uncertainties": [
    0.0,
    0.0,
    0.0,
    0.0,
    0.0,
    0.0,
    0.0,
    0.0,
    0.0,
    0.0,
    0.0,
    0.0,
    0.0,
    0.0,
    0.0
  ],
  "beta_": 0.09089961283932894,
  "psi": 0.024325061786261735,
  "lambda0": 0.05159252167988522,
  "rho_0": 0.0,
  "theta_": 0.08167207361306883,
  "phi_": 0.09221601130155008,
  "theta_1": 0.044185123647925525,
  "phi_1": 0.09840685732907478,
  "theta_2": 0.025328674533674624,
  "phi_2": 0.014784296812296772,
  "M": 312602.90625,
  "GM": 1.540100738221875,
  "tau_c": 3745260.007779052,
  "n_steps": 631152,
  "delta": -0.393758485834764,
  "t_0": 6821.083999100911,
  "R": 3382735.0,
  "r": 106750998036000.0,
  "chi_10_x": null,
  "chi_10_y": null,
  "chi_10_z": null,
  "chi_20_x": null,
  "chi_20_y": null,
  "chi_20_z": null,
  "pn_order": 0,
  "detectors": 1,
  "delta_t": 50.0,
  "duration": 1.0,
  "chi1": 0.9773767259470034,
  "chi2": 0.42921367724333304
}