{
  "uncertainties": [
    0.0,
    0.0,
    0.0,
    0.0,
    0.0,
    0.0,
    0.0,
    0.0,
    0.0,
    0.0,
    0.0,
    0.0,
    0.0,
    0.0,
    0.0
  ],
  "beta_": 0.09967366895356812,
  "psi": 0.09143011279691006,
  "lambda0": 0.04064424085777303,
  "rho_0": 0.0,
  "theta_": 0.07241097872949011,
  "phi_": 0.04755160387862873,
  "theta_1": 0.09548009686832738,
  "phi_1": 0.02078734399746033,
  "theta_2": 0.008403438516390985,
  "phi_2": 0.0977443608049932,
  "M": 350.1296691894531,
  "GM": 0.0017249838411956787,
  "tau_c": 71622479268701.83,
  "n_steps": 631152,
  "delta": -0.7736905478662658,
  "t_0": 3142.5161939752625,
  "R": 7582076.0,
  "r": 239272121577600.0,
  "chi_10_x": null,
  "chi_10_y": null,
  "chi_10_z": null,
  "chi_20_x": null,
  "chi_20_y": null,
  "chi_20_z": null,
  "pn_order": 0,
  "detectors": 1,
  "delta_t": 50.0,
  "duration": 1.0,
  "chi1": 0.22507115946457334,
  "chi2": 0.2743454289071643
}