{
  "uncertainties": [
    0.0,
    0.0,
    0.0,
    0.0,
    0.0,
    0.0,
    0.0,
    0.0,
    0.0,
    0.0,
    0.0,
    0.0,
    0.0,
    0.0,
    0.0
  ],
  "beta_": 0.07002952632318026,
  "psi": 0.07823196768546639,
  "lambda0": 0.03904966162105907,
  "rho_0": 0.0,
  "theta_": 0.002588190672383347,
  "phi_": 0.08964177038391352,
  "theta_1": 0.011771532813997104,
  "phi_1": 0.04458553980390845,
  "theta_2": 0.07465488337365268,
  "phi_2": 0.10375673440875653,
  "M": 1360.5111083984375,
  "GM": 0.006702830077746582,
  "tau_c": 8761153066864.416,
  "n_steps": 631152,
  "delta": 0.20618981039372597,
  "t_0": 7690.3605056571105,
  "R": 3302580.0,
  "r": 104221498608000.0,
  "chi_10_x": null,
  "chi_10_y": null,
  "chi_10_z": null,
  "chi_20_x": null,
  "chi_20_y": null,
  "chi_20_z": null,
  "pn_order": 3,
  "detectors": 1,
  "delta_t": 50.0,
  "duration": 1.0,
  "chi1": 0.5703285200539379,
  "chi2": 0.8741773890115789
}