{
  "uncertainties": [
    0.0,
    0.0,
    0.0,
    0.0,
    0.0,
    0.0,
    0.0,
    0.0,
    0.0,
    0.0,
    0.0,
    0.0,
    0.0,
    0.0,
    0.0
  ],
  "beta_": 0.005528520055643595,
  "psi": 0.012311194562537915,
  "lambda0": 0.07141383424900195,
  "rho_0": 0.0,
  "theta_": 0.07430944725700109,
  "phi_": 0.017019698476533687,
  "theta_1": 0.10350701294278719,
  "phi_1": 0.07471368058709593,
  "theta_2": 0.1065980987620913,
  "phi_2": 0.0013808172313060486,
  "M": 211845.140625,
  "GM": 1.0436974543171875,
  "tau_c": 652591.3350846135,
  "n_steps": 631152,
  "delta": 0.06546459832205875,
  "t_0": 2537.5130312851297,
  "R": 5853081.0,
  "r": 184709188965600.0,
  "chi_10_x": null,
  "chi_10_y": null,
  "chi_10_z": null,
  "chi_20_x": null,
  "chi_20_y": null,
  "chi_20_z": null,
  "pn_order": 2,
  "detectors": 1,
  "delta_t": 50.0,
  "duration": 1.0,
  "chi1": 0.8214342122086786,
  "chi2": 0.6820606519408672
}