{
  "uncertainties": [
    0.0,
    0.0,
    0.0,
    0.0,
    0.0,
    0.0,
    0.0,
    0.0,
    0.0,
    0.0,
    0.0,
    0.0,
    0.0,
    0.0,
    0.0
  ],
  "beta_": 0.05873918637442552,
  "psi": 0.012486794069706233,
  "lambda0": 0.02697015790363313,
  "rho_0": 0.0,
  "theta_": 0.07365654265966853,
  "phi_": 0.09359408470782594,
  "theta_1": 0.010001506125724915,
  "phi_1": 0.07178548973814497,
  "theta_2": 0.0700266157046697,
  "phi_2": 0.007731292594657639,
  "M": 18.752124786376953,
  "GM": 0.00009238609318504333,
  "tau_c": 1.2331855980116608e18,
  "n_steps": 631152,
  "delta": 0.8651694527984531,
  "t_0": 5476.170242512639,
  "R": 5523017.0,
  "r": 174293161279200.0,
  "chi_10_x": null,
  "chi_10_y": null,
  "chi_10_z": null,
  "chi_20_x": null,
  "chi_20_y": null,
  "chi_20_z": null,
  "pn_order": 3,
  "detectors": 1,
  "delta_t": 50.0,
  "duration": 1.0,
  "chi1": 0.7733164803779542,
  "chi2": 0.45748114095663084
}