{
  "uncertainties": [
    0.0,
    0.0,
    0.0,
    0.0,
    0.0,
    0.0,
    0.0,
    0.0,
    0.0,
    0.0,
    0.0,
    0.0,
    0.0,
    0.0,
    0.0
  ],
  "beta_": 0.06259579619157385,
  "psi": 0.06060441945962877,
  "lambda0": 0.019398398994361073,
  "rho_0": 0.0,
  "theta_": 0.04626510369567683,
  "phi_": 0.10467096289434773,
  "theta_1": 0.022314926264062545,
  "phi_1": 0.00746684467850404,
  "theta_2": 0.008553560854976758,
  "phi_2": 0.04089511391438915,
  "M": 694179.0625,
  "GM": 3.42001198721875,
  "tau_c": 369228.9523594396,
  "n_steps": 631152,
  "delta": 0.4056518533964072,
  "t_0": 6311.289273718862,
  "R": 70204.0,
  "r": 2215469750400.0,
  "chi_10_x": null,
  "chi_10_y": null,
  "chi_10_z": null,
  "chi_20_x": null,
  "chi_20_y": null,
  "chi_20_z": null,
  "pn_order": 2,
  "detectors": 1,
  "delta_t": 50.0,
  "duration": 1.0,
  "chi1": 0.46716779085896953,
  "chi2": 0.207892466112513
}