{
  "uncertainties": [
    0.0,
    0.0,
    0.0,
    0.0,
    0.0,
    0.0,
    0.0,
    0.0,
    0.0,
    0.0,
    0.0,
    0.0,
    0.0,
    0.0,
    0.0
  ],
  "beta_": 0.10116857308006713,
  "psi": 0.01213375670905954,
  "lambda0": 0.10220024745242977,
  "rho_0": 0.0,
  "theta_": 0.001146760892893157,
  "phi_": 0.03795261293428009,
  "theta_1": 0.0032885211748559895,
  "phi_1": 0.07861982409619986,
  "theta_2": 0.040090999237761604,
  "phi_2": 0.0584722279140124,
  "M": 14.599786758422852,
  "GM": 0.00007192876942272186,
  "tau_c": 6176291409529204.0,
  "n_steps": 631152,
  "delta": -0.41485782243604047,
  "t_0": 914.1514228786106,
  "R": 173120.0,
  "r": 5463251712000.0,
  "chi_10_x": null,
  "chi_10_y": null,
  "chi_10_z": null,
  "chi_20_x": null,
  "chi_20_y": null,
  "chi_20_z": null,
  "pn_order": 3,
  "detectors": 1,
  "delta_t": 50.0,
  "duration": 1.0,
  "chi1": 0.5756594703292295,
  "chi2": 0.5999382097589872
}