{
  "uncertainties": [
    0.0,
    0.0,
    0.0,
    0.0,
    0.0,
    0.0,
    0.0,
    0.0,
    0.0,
    0.0,
    0.0,
    0.0,
    0.0,
    0.0,
    0.0
  ],
  "beta_": 0.060807792705846964,
  "psi": 0.09815969579426484,
  "lambda0": 0.03602490566697731,
  "rho_0": 0.0,
  "theta_": 0.0012246696840566454,
  "phi_": 0.031305864516327546,
  "theta_1": 0.02236590980464612,
  "phi_1": 0.04469037382243564,
  "theta_2": 0.08313205223920342,
  "phi_2": 0.10375500527961119,
  "M": 2.1937625408172607,
  "GM": 0.000010808009909844398,
  "tau_c": 4.25272174060501e19,
  "n_steps": 631152,
  "delta": -0.3401967077995858,
  "t_0": 3873.0604088268524,
  "R": 6731679.0,
  "r": 212435633210400.0,
  "chi_10_x": null,
  "chi_10_y": null,
  "chi_10_z": null,
  "chi_20_x": null,
  "chi_20_y": null,
  "chi_20_z": null,
  "pn_order": 2,
  "detectors": 1,
  "delta_t": 50.0,
  "duration": 1.0,
  "chi1": 0.6886963150710677,
  "chi2": 0.6601146263022257
}