{
  "uncertainties": [
    0.0,
    0.0,
    0.0,
    0.0,
    0.0,
    0.0,
    0.0,
    0.0,
    0.0,
    0.0,
    0.0,
    0.0,
    0.0,
    0.0,
    0.0
  ],
  "beta_": 0.041809089524139594,
  "psi": 0.00007118131732191204,
  "lambda0": 0.07552528000973226,
  "rho_0": 0.0,
  "theta_": 0.03864040732193722,
  "phi_": 0.03213557972390573,
  "theta_1": 0.10660966168810235,
  "phi_1": 0.007505267348437164,
  "theta_2": 0.07060821731457943,
  "phi_2": 0.012407060324669355,
  "M": 3.3711752891540527,
  "GM": 0.000016608769297075272,
  "tau_c": 1.778809217916517e20,
  "n_steps": 631152,
  "delta": -0.8737617957313348,
  "t_0": 6208.123160860476,
  "R": 7352383.0,
  "r": 232023561760800.0,
  "chi_10_x": null,
  "chi_10_y": null,
  "chi_10_z": null,
  "chi_20_x": null,
  "chi_20_y": null,
  "chi_20_z": null,
  "pn_order": 3,
  "detectors": 1,
  "delta_t": 50.0,
  "duration": 1.0,
  "chi1": 0.5281107160049112,
  "chi2": 0.8548539692498749
}