{
  "uncertainties": [
    0.0,
    0.0,
    0.0,
    0.0,
    0.0,
    0.0,
    0.0,
    0.0,
    0.0,
    0.0,
    0.0,
    0.0,
    0.0,
    0.0,
    0.0
  ],
  "beta_": 0.022517472138883936,
  "psi": 0.013137137192650014,
  "lambda0": 0.057393524250285946,
  "rho_0": 0.0,
  "theta_": 0.10349437553974165,
  "phi_": 0.10725110319882802,
  "theta_1": 0.01367274806856345,
  "phi_1": 0.04552708835338018,
  "theta_2": 0.10959941369850656,
  "phi_2": 0.02063130726361741,
  "M": 123830.5390625,
  "GM": 0.6100759167992187,
  "tau_c": 20635575.678790104,
  "n_steps": 631152,
  "delta": 0.34252554541928315,
  "t_0": 5218.7776106593565,
  "R": 7670534.0,
  "r": 242063643758400.0,
  "chi_10_x": null,
  "chi_10_y": null,
  "chi_10_z": null,
  "chi_20_x": null,
  "chi_20_y": null,
  "chi_20_z": null,
  "pn_order": 1,
  "detectors": 1,
  "delta_t": 50.0,
  "duration": 1.0,
  "chi1": 0.9798970224775052,
  "chi2": 0.9973081957384595
}