{
  "uncertainties": [
    0.0,
    0.0,
    0.0,
    0.0,
    0.0,
    0.0,
    0.0,
    0.0,
    0.0,
    0.0,
    0.0,
    0.0,
    0.0,
    0.0,
    0.0
  ],
  "beta_": 0.1088503222796963,
  "psi": 0.05239452248281706,
  "lambda0": 0.04998405720077829,
  "rho_0": 0.0,
  "theta_": 0.03444336872110226,
  "phi_": 0.09055829134267987,
  "theta_1": 0.08636811914729603,
  "phi_1": 0.025385188083103454,
  "theta_2": 0.08392323692674022,
  "phi_2": 0.004418241778331652,
  "M": 22.987380981445312,
  "GM": 0.00011325192988128661,
  "tau_c": 6.013262591310065e17,
  "n_steps": 631152,
  "delta": -0.7570067165605989,
  "t_0": 6255.442315024712,
  "R": 9195686.0,
  "r": 290193780513600.0,
  "chi_10_x": null,
  "chi_10_y": null,
  "chi_10_z": null,
  "chi_20_x": null,
  "chi_20_y": null,
  "chi_20_z": null,
  "pn_order": 0,
  "detectors": 1,
  "delta_t": 50.0,
  "duration": 1.0,
  "chi1": 0.32036885077313415,
  "chi2": 0.8938676328585877
}