{
  "uncertainties": [
    0.0,
    0.0,
    0.0,
    0.0,
    0.0,
    0.0,
    0.0,
    0.0,
    0.0,
    0.0,
    0.0,
    0.0,
    0.0,
    0.0,
    0.0
  ],
  "beta_": 0.09379517202203701,
  "psi": 0.09325471323351427,
  "lambda0": 0.03169186428135103,
  "rho_0": 0.0,
  "theta_": 0.06538128264340165,
  "phi_": 0.06963671636681243,
  "theta_1": 0.04193368995707033,
  "phi_1": 0.07223572223373627,
  "theta_2": 0.049466231510772285,
  "phi_2": 0.026486263202571973,
  "M": 2198.381103515625,
  "GM": 0.010830764182690428,
  "tau_c": 4722900227906.96,
  "n_steps": 631152,
  "delta": 0.10105308536965041,
  "t_0": 9979.42464660564,
  "R": 3684874.0,
  "r": 116285779742400.0,
  "chi_10_x": null,
  "chi_10_y": null,
  "chi_10_z": null,
  "chi_20_x": null,
  "chi_20_y": null,
  "chi_20_z": null,
  "pn_order": 2,
  "detectors": 1,
  "delta_t": 50.0,
  "duration": 1.0,
  "chi1": 0.39345964695288504,
  "chi2": 0.3915282956646471
}