{
  "uncertainties": [
    0.0,
    0.0,
    0.0,
    0.0,
    0.0,
    0.0,
    0.0,
    0.0,
    0.0,
    0.0,
    0.0,
    0.0,
    0.0,
    0.0,
    0.0
  ],
  "beta_": 0.06570553230693497,
  "psi": 0.07261242318605704,
  "lambda0": 0.018772611659662614,
  "rho_0": 0.0,
  "theta_": 0.008298470434222107,
  "phi_": 0.09447286482778011,
  "theta_1": 0.04010246592674891,
  "phi_1": 0.004071729837642074,
  "theta_2": 0.051497450742367584,
  "phi_2": 0.025837903653008615,
  "M": 481018.0625,
  "GM": 2.36983168851875,
  "tau_c": 311243.98885072186,
  "n_steps": 631152,
  "delta": 0.4206195181424922,
  "t_0": 4101.888939607514,
  "R": 9845594.0,
  "r": 310703317214400.0,
  "chi_10_x": null,
  "chi_10_y": null,
  "chi_10_z": null,
  "chi_20_x": null,
  "chi_20_y": null,
  "chi_20_z": null,
  "pn_order": 3,
  "detectors": 1,
  "delta_t": 50.0,
  "duration": 1.0,
  "chi1": 0.018678129705985036,
  "chi2": 0.36683143347457636
}