{
  "uncertainties": [
    0.0,
    0.0,
    0.0,
    0.0,
    0.0,
    0.0,
    0.0,
    0.0,
    0.0,
    0.0,
    0.0,
    0.0,
    0.0,
    0.0,
    0.0
  ],
  "beta_": 0.03694708602950735,
  "psi": 0.061293928041638544,
  "lambda0": 0.029491843514970188,
  "rho_0": 0.0,
  "theta_": 0.04235978616495253,
  "phi_": 0.06076588894277467,
  "theta_1": 0.046360462340793454,
  "phi_1": 0.030411107244943735,
  "theta_2": 0.07113662703469387,
  "phi_2": 0.06912659517743322,
  "M": 402.3429870605469,
  "GM": 0.001982223194351196,
  "tau_c": 143619843730538.7,
  "n_steps": 631152,
  "delta": 0.27843507687183855,
  "t_0": 6405.389891023759,
  "R": 9242420.0,
  "r": 291668593392000.0,
  "chi_10_x": null,
  "chi_10_y": null,
  "chi_10_z": null,
  "chi_20_x": null,
  "chi_20_y": null,
  "chi_20_z": null,
  "pn_order": 0,
  "detectors": 1,
  "delta_t": 50.0,
  "duration": 1.0,
  "chi1": 0.6049920010320533,
  "chi2": 0.6917516801535668
}