{
  "uncertainties": [
    0.0,
    0.0,
    0.0,
    0.0,
    0.0,
    0.0,
    0.0,
    0.0,
    0.0,
    0.0,
    0.0,
    0.0,
    0.0,
    0.0,
    0.0
  ],
  "beta_": 0.04255212070710111,
  "psi": 0.03620062774676918,
  "lambda0": 0.01419692438352764,
  "rho_0": 0.0,
  "theta_": 0.049150374113826896,
  "phi_": 0.042507173140891565,
  "theta_1": 0.08961634727255731,
  "phi_1": 0.10480155743125977,
  "theta_2": 0.008259394616534025,
  "phi_2": 0.0912083128245842,
  "M": 3.6360878944396973,
  "GM": 0.000017913914229536055,
  "tau_c": 8.455284897398907e17,
  "n_steps": 631152,
  "delta": 0.06577178360838742,
  "t_0": 1544.207128074295,
  "R": 5608292.0,
  "r": 176984235619200.0,
  "chi_10_x": null,
  "chi_10_y": null,
  "chi_10_z": null,
  "chi_20_x": null,
  "chi_20_y": null,
  "chi_20_z": null,
  "pn_order": 1,
  "detectors": 1,
  "delta_t": 50.0,
  "duration": 1.0,
  "chi1": 0.3075112881908493,
  "chi2": 0.32662012999750956
}