{
  "uncertainties": [
    0.0,
    0.0,
    0.0,
    0.0,
    0.0,
    0.0,
    0.0,
    0.0,
    0.0,
    0.0,
    0.0,
    0.0,
    0.0,
    0.0,
    0.0
  ],
  "beta_": 0.06671218877141556,
  "psi": 0.023309282757923624,
  "lambda0": 0.021911857364782156,
  "rho_0": 0.0,
  "theta_": 0.07785931093343758,
  "phi_": 0.10442544339148853,
  "theta_1": 0.08854736042102486,
  "phi_1": 0.09086541120646299,
  "theta_2": 0.07393648033731692,
  "phi_2": 0.08162648277807932,
  "M": 2.7679848670959473,
  "GM": 0.000013637031044721603,
  "tau_c": 9.397937169568748e17,
  "n_steps": 631152,
  "delta": 0.39100663158982607,
  "t_0": 1151.1586066050531,
  "R": 5664535.0,
  "r": 178759129716000.0,
  "chi_10_x": null,
  "chi_10_y": null,
  "chi_10_z": null,
  "chi_20_x": null,
  "chi_20_y": null,
  "chi_20_z": null,
  "pn_order": 2,
  "detectors": 1,
  "delta_t": 50.0,
  "duration": 1.0,
  "chi1": 0.8152119157672963,
  "chi2": 0.056025153255164106
}