{
  "uncertainties": [
    0.0,
    0.0,
    0.0,
    0.0,
    0.0,
    0.0,
    0.0,
    0.0,
    0.0,
    0.0,
    0.0,
    0.0,
    0.0,
    0.0,
    0.0
  ],
  "beta_": 0.03530188483410955,
  "psi": 0.08052207870373404,
  "lambda0": 0.001398052646672754,
  "rho_0": 0.0,
  "theta_": 0.07851092091759387,
  "phi_": 0.053784743813133896,
  "theta_1": 0.05946892272662643,
  "phi_1": 0.01930395110285888,
  "theta_2": 0.050616391517419354,
  "phi_2": 0.04908444377430542,
  "M": 616518.9375,
  "GM": 3.03740384938125,
  "tau_c": 574676.0018521589,
  "n_steps": 631152,
  "delta": 0.13969882083599983,
  "t_0": 6987.856982570431,
  "R": 896156.0,
  "r": 28280532585600.0,
  "chi_10_x": null,
  "chi_10_y": null,
  "chi_10_z": null,
  "chi_20_x": null,
  "chi_20_y": null,
  "chi_20_z": null,
  "pn_order": 0,
  "detectors": 1,
  "delta_t": 50.0,
  "duration": 1.0,
  "chi1": 0.8789238074330596,
  "chi2": 0.7820735692087053
}