{
  "uncertainties": [
    0.0,
    0.0,
    0.0,
    0.0,
    0.0,
    0.0,
    0.0,
    0.0,
    0.0,
    0.0,
    0.0,
    0.0,
    0.0,
    0.0,
    0.0
  ],
  "beta_": 0.041957724656098955,
  "psi": 0.05523266817249217,
  "lambda0": 0.0062795117997485215,
  "rho_0": 0.0,
  "theta_": 0.07913016032106623,
  "phi_": 0.07176582043631058,
  "theta_1": 0.05768091852022952,
  "phi_1": 0.038430828260555674,
  "theta_2": 0.027935531071348215,
  "phi_2": 0.01976615032026079,
  "M": 79.07102966308594,
  "GM": 0.00038955924184112546,
  "tau_c": 2.0677293136214588e16,
  "n_steps": 631152,
  "delta": -0.6184163200724931,
  "t_0": 6978.629192838985,
  "R": 818274.0,
  "r": 25822763582400.0,
  "chi_10_x": null,
  "chi_10_y": null,
  "chi_10_z": null,
  "chi_20_x": null,
  "chi_20_y": null,
  "chi_20_z": null,
  "pn_order": 2,
  "detectors": 1,
  "delta_t": 50.0,
  "duration": 1.0,
  "chi1": 0.5859630468650665,
  "chi2": 0.49284453556102914
}