{
  "uncertainties": [
    0.0,
    0.0,
    0.0,
    0.0,
    0.0,
    0.0,
    0.0,
    0.0,
    0.0,
    0.0,
    0.0,
    0.0,
    0.0,
    0.0,
    0.0
  ],
  "beta_": 0.013544242438191027,
  "psi": 0.0018667895163680013,
  "lambda0": 0.09094325132741077,
  "rho_0": 0.0,
  "theta_": 0.007386470792621383,
  "phi_": 0.09862240154869453,
  "theta_1": 0.03201880201091964,
  "phi_1": 0.07375647994447712,
  "theta_2": 0.02537079615002521,
  "phi_2": 0.07864877776269016,
  "M": 173.28741455078125,
  "GM": 0.0008537351052673339,
  "tau_c": 2309991912855616.0,
  "n_steps": 631152,
  "delta": -0.07942788492299568,
  "t_0": 8036.207503899219,
  "R": 2160327.0,
  "r": 68174735335200.0,
  "chi_10_x": null,
  "chi_10_y": null,
  "chi_10_z": null,
  "chi_20_x": null,
  "chi_20_y": null,
  "chi_20_z": null,
  "pn_order": 0,
  "detectors": 1,
  "delta_t": 50.0,
  "duration": 1.0,
  "chi1": 0.021873461117089654,
  "chi2": 0.6398501603487907
}