{
  "uncertainties": [
    0.0,
    0.0,
    0.0,
    0.0,
    0.0,
    0.0,
    0.0,
    0.0,
    0.0,
    0.0,
    0.0,
    0.0,
    0.0,
    0.0,
    0.0
  ],
  "beta_": 0.06350691681494536,
  "psi": 0.06465236685795278,
  "lambda0": 0.08229574391326895,
  "rho_0": 0.0,
  "theta_": 0.05462502462875334,
  "phi_": 0.10818737685556568,
  "theta_1": 0.07492311996729607,
  "phi_1": 0.043553827468780365,
  "theta_2": 0.04989498782392652,
  "phi_2": 0.0011481644488095463,
  "M": 100.27623748779297,
  "GM": 0.0004940309392311096,
  "tau_c": 3.293519061445251e16,
  "n_steps": 631152,
  "delta": -0.7114401450611372,
  "t_0": 9696.26958392356,
  "R": 8659060.0,
  "r": 273259151856000.0,
  "chi_10_x": null,
  "chi_10_y": null,
  "chi_10_z": null,
  "chi_20_x": null,
  "chi_20_y": null,
  "chi_20_z": null,
  "pn_order": 0,
  "detectors": 1,
  "delta_t": 50.0,
  "duration": 1.0,
  "chi1": 0.4529113982387867,
  "chi2": 0.473661253703084
}